guide_id_short,guide_id_long,modality
TMSB10_1,TMSB10_GGAAATCGCCAGCTTCGATA,CRISPRko
TMSB10_2,TMSB10_TGGCAGACAAACCAGACATG,CRISPRko
TMSB10_3,TMSB10_GGCAGACAAACCAGACATGG,CRISPRko
TMSB10_4,TMSB10_ATGGCAGACAAACCAGACAT,CRISPRko
RPL9_1,RPL9_TGGGTGAAAAATATATCCGC,CRISPRko
RPL9_4,RPL9_GGGTGAAAAATATATCCGCA,CRISPRko
RPL9_2,RPL9_TACAGCTCCGGGTTGACAAA,CRISPRko
RPL9_3,RPL9_ACTGTCGACATTCCAGAAAA,CRISPRko
RPL29_1,RPL29_TCAGGCTCCCAAACGTACCC,CRISPRko
RPL29_2,RPL29_GTAGGGGCCTGGGTACGTTT,CRISPRko
RPL29_3,RPL29_CTGAGCTGGAACTGAAGCTG,CRISPRko
RPL29_4,RPL29_ACGTACCCAGGCCCCTACAA,CRISPRko
PYGB_1,PYGB_TCAGTGACGAGGTGTTCATC,CRISPRko
PYGB_2,PYGB_ACGCGTCCGTAGAAGTGCAC,CRISPRko
PYGB_3,PYGB_TGATGGCATAGATTATCTCC,CRISPRko
PYGB_4,PYGB_CATGGGACCCAATCACACAC,CRISPRko
COTL1_1,COTL1_TACAACCTGGTGCGCGACGA,either
COTL1_2,COTL1_GGATCGGTGAGAACGTCAGC,CRISPRko
COTL1_3,COTL1_AGCGCACGAAGGCAAACAAC,CRISPRko
COTL1_4,COTL1_CTTGCTCATGGCATCCCCGG,CRISPRko
NDUFV2_1,NDUFV2_GGAGTATCAGGGTTATTCTC,CRISPRko
NDUFV2_2,NDUFV2_ACTTCATATACTCTCATTGG,CRISPRko
NDUFV2_3,NDUFV2_TCAGAGTTTCGAAGCATGCA,CRISPRko
NDUFV2_4,NDUFV2_TCTGCCTTTGGGCTAAATCC,CRISPRko
PDHA1_1,PDHA1_TGGCGATGGTGCTGCTAACC,CRISPRko
PDHA1_2,PDHA1_AGTAAAGCCGTGAGCCCGGT,CRISPRko
PDHA1_3,PDHA1_TATGCCAAGAACTTCTACGG,CRISPRko
PDHA1_4,PDHA1_AGCACTGATTACTACAAGAG,CRISPRko
DCAF13_1,DCAF13_CCAAGCAATTGACTCCATCA,CRISPRko
DCAF13_2,DCAF13_AAAGCAGGATCATAGTTTCT,CRISPRko
DCAF13_3,DCAF13_ATATAGTACTGTACGATATG,CRISPRko
DCAF13_4,DCAF13_ACTTATACTGTCAAATCCCC,CRISPRko
MPG_1,MPG_GAAGAACTCCAACCCCAGTC,CRISPRko
MPG_2,MPG_GTAAATGATGTACACGTACA,CRISPRko
MPG_3,MPG_TGGAGACCGAGGCATACCTG,CRISPRko
MPG_4,MPG_GCTGCATCGGACGAGCTGTG,CRISPRko
MGAT4B_1,MGAT4B_ATGATGTACGCGCAGTCCAA,CRISPRko
MGAT4B_2,MGAT4B_GGCAGGTGATGGAAGACGGT,CRISPRko
MGAT4B_3,MGAT4B_GCCCAGAATGGATCTCCGTG,CRISPRko
MGAT4B_4,MGAT4B_TGGTCCAGGAGCCAGTCGAT,CRISPRko
GNG5_1,GNG5_AGAAAGTGGTTCAACAGCTC,CRISPRko
GNG5_2,GNG5_TTGTTATGTATAGGTTTCCC,CRISPRko
GNG5_4,GNG5_AGTGGTTCAACAGCTCCGGC,CRISPRko
GNG5_3,GNG5_CAACAGCTCCGGCTGGAGGC,CRISPRko
CNIH4_1,CNIH4_AGGATACGAAGTAGACCGAG,CRISPRko
CNIH4_2,CNIH4_AGATACATTATGGTGCCGAG,CRISPRko
CNIH4_3,CNIH4_TATATATTCCAAGTGGCAAC,CRISPRko
CNIH4_4,CNIH4_GTAATACAGTGACAATGGTA,CRISPRko
CTBP1_1,CTBP1_GATGTGGCACAGCGTCGAGT,CRISPRko
CTBP1_2,CTBP1_GGATGGCCGGGACTGCACAG,CRISPRko
CTBP1_3,CTBP1_TGACAACATCGACATCAAGT,CRISPRko
CTBP1_4,CTBP1_ACCAAGTCCGATGATGCCCA,CRISPRko
IFT25_1,IFT25_ACAAACATGTAAGGATTGAA,CRISPRko
IFT25_2,IFT25_CTTGTAATCCAAAGTTACTT,CRISPRko
IFT25_3,IFT25_CACCACAGGAATGTTTCCCC,CRISPRko
IFT25_4,IFT25_ATAGGAATCCAGAAACGTTT,CRISPRko
OGFOD1_1,OGFOD1_AGAGACTTGACAATCTGCTT,CRISPRko
OGFOD1_2,OGFOD1_ACTTTGAACCCCCCATACCT,CRISPRko
OGFOD1_3,OGFOD1_ACATGTCAATGGTTGATTCC,CRISPRko
OGFOD1_4,OGFOD1_AAAGCCAAGACTTCTTAGAA,CRISPRko
ETHE1_1,ETHE1_GCAGCCCCGAGCCTGTAATG,CRISPRko
ETHE1_2,ETHE1_CCCACACCCACGGATCAACA,CRISPRko
ETHE1_3,ETHE1_CAGGACTGGGTCGATCAGAA,CRISPRko
ETHE1_4,ETHE1_ATGGAGACTCCATCCGCTTC,CRISPRko
UBE2E1_1,UBE2E1_AATGGAGATCAACCATTCTA,CRISPRko
UBE2E1_2,UBE2E1_AAAAAGAGCACAGTACCTCT,CRISPRko
UBE2E1_3,UBE2E1_TAGACCCTCCACCTAATTGC,CRISPRko
UBE2E1_4,UBE2E1_GGAGGCTTGAAGGGATATTC,CRISPRko
AKT2_1,AKT2_ACGTGGATTCTCCAGACGAG,CRISPRko
AKT2_2,AKT2_CCTCTGTGAAGACACGCTCC,CRISPRko
AKT2_3,AKT2_ATCCCAAGACACACCTGCTA,CRISPRko
AKT2_4,AKT2_GAGATAGTCGAAGTCATTCA,CRISPRko
MOSMO_1,MOSMO_AACCCGGACTGGATCAACAC,CRISPRko
MOSMO_2,MOSMO_AAGCTACAAAATATGCTCGA,CRISPRko
MOSMO_3,MOSMO_GCCGGGGAGGGATGCACGTC,CRISPRko
MOSMO_4,MOSMO_GGCGATGGCGAAGATATCGG,either
SPAG7_1,SPAG7_ACTTCCACCACATCATGTCT,CRISPRko
SPAG7_2,SPAG7_GAGCTAGACTCTTACCGTCG,CRISPRko
SPAG7_3,SPAG7_GAGACTCGGCGCAAGGCCCG,CRISPRko
SPAG7_4,SPAG7_GAGGCTGGGTGGCTTCTCCA,CRISPRko
SH3KBP1_1,SH3KBP1_TGGTGGGAGGGACAGATCAA,CRISPRko
SH3KBP1_2,SH3KBP1_TTCTAGGACTGCATCGACGT,CRISPRko
SH3KBP1_3,SH3KBP1_GGCGGTATGGCAGGAACGGA,CRISPRko
SH3KBP1_4,SH3KBP1_GAAAGTTGGCGACATCATAG,CRISPRko
STK24_1,STK24_ACAGTCGGCCTATGACTCGA,CRISPRko
STK24_2,STK24_AATACTTACTAGATCTAGTG,CRISPRko
STK24_3,STK24_AGGACTCGATTATCTCCATT,CRISPRko
STK24_4,STK24_CAGATAGGATCCATAATATT,CRISPRko
TMED4_1,TMED4_GCAACTATCGTACCCAGATG,CRISPRko
TMED4_2,TMED4_AGGACCCCGACGGCAAGGTA,CRISPRko
TMED4_3,TMED4_TTGATGGTCACCGGGCGTGT,CRISPRko
TMED4_4,TMED4_CAGGGGCTCTACTTCCACAT,CRISPRko
NAMPT_1,NAMPT_AATAGTATCAAGAAGTACAC,CRISPRko
NAMPT_2,NAMPT_CTGGGAATGACAAAGCCCTC,CRISPRko
NAMPT_3,NAMPT_CTATCGCTGACCACAGATAC,CRISPRko
NAMPT_4,NAMPT_CTGTTCCAGCAGCAGAACAC,CRISPRko
EPB41L2_1,EPB41L2_AAAGTCATATACCTTAGTAG,CRISPRko
EPB41L2_2,EPB41L2_TGGTGCTGGCCTATCTATGA,CRISPRko
EPB41L2_3,EPB41L2_ATGTAGGTCAACACCATACA,CRISPRko
EPB41L2_4,EPB41L2_GAGTCACAAAAGAGCAGGGC,CRISPRko
TMSB10_1,TMSB10_AGTGGGAGCACCAGGATCTC,CRISPRi
TMSB10_2,TMSB10_GGGCTCGGAACGAGACTGCA,CRISPRi
TMSB10_3,TMSB10_GAGTGGGAGCACCAGGATCT,CRISPRi
TMSB10_4,TMSB10_GCAACGCGAGTGGGAGCACC,CRISPRi
RPL9_1,RPL9_GCTGCGTCTACTGCGAGGTA,CRISPRi
RPL9_4,RPL9_GAATCTGAAACCATCTGCTC,CRISPRi
RPL9_2,RPL9_TCTTTGCTGCGTCTACTGCG,CRISPRi
RPL9_3,RPL9_GGATGTTTCTGTGCTCGTGG,CRISPRi
RPL29_2,RPL29_CGCCACCCGTAAGTCGCGGA,CRISPRi
RPL29_1,RPL29_CCAACACTCACCATAAGCCG,CRISPRi
RPL29_3,RPL29_CCGCGGCTTATGGTGAGTGT,CRISPRi
RPL29_4,RPL29_TATGGTGAGTGTTGGCCGCG,CRISPRi
PYGB_4,PYGB_CAGCGGCTTCGCCATCGCGC,CRISPRi
PYGB_1,PYGB_CCAGAGCAGCTGCACCATCC,CRISPRi
PYGB_2,PYGB_GAGATGGAGGAGGAAAGCGG,CRISPRi
PYGB_3,PYGB_AAAGAGATGGAGGAGGAAAG,CRISPRi
COTL1_4,COTL1_TACAACCTGGTGCGCGACGA,either
COTL1_1,COTL1_GGTACGCGCCGAGGGCGCAC,CRISPRi
COTL1_2,COTL1_CCTGCAAGCTGCGAGCGCGG,CRISPRi
COTL1_3,COTL1_CGGCGGGGATGGGAGCGCGG,CRISPRi
NDUFV2_1,NDUFV2_GAGCGCCGCGGAGAAGAACA,CRISPRi
NDUFV2_2,NDUFV2_GCCGCGGAGAAGAACATGGC,CRISPRi
NDUFV2_3,NDUFV2_GCTGGGGAAGGTGAACAGTG,CRISPRi
NDUFV2_4,NDUFV2_CGCCGCGGAGAAGAACATGG,CRISPRi
PDHA1_1,PDHA1_CAACCCAGGAGGCACGACGC,CRISPRi
PDHA1_2,PDHA1_GGGCACCTGAAGGAGACTTG,CRISPRi
PDHA1_3,PDHA1_GGCACCTGAAGGAGACTTGG,CRISPRi
PDHA1_4,PDHA1_ACAACCCAGGAGGCACGACG,CRISPRi
DCAF13_4,DCAF13_GAAGATGCTGAGCCGGAATC,CRISPRi
DCAF13_1,DCAF13_CAGCATCTTCACCTTCATCT,CRISPRi
DCAF13_2,DCAF13_CGGAAGAGCAACCGAGATGA,CRISPRi
DCAF13_3,DCAF13_TCTTCCGGCCGGACTCCACG,CRISPRi
MPG_1,MPG_GTCCGAGTCCCACGAAGCCC,CRISPRi
MPG_4,MPG_ACGGAAGCACCCCTAGGACC,CRISPRi
MPG_2,MPG_GGCTCGGGCCGGGGCTTCGT,CRISPRi
MPG_3,MPG_GCTTCGTGGGACTCGGACCC,CRISPRi
MGAT4B_1,MGAT4B_TGTACTCAGGGAAGAGGAAC,CRISPRi
MGAT4B_2,MGAT4B_GAAGGGCAGAGGCAGGTATC,CRISPRi
MGAT4B_3,MGAT4B_GAACAGGCTCAGAAGGGCAG,CRISPRi
MGAT4B_4,MGAT4B_GAAGAGGAACAGGCTCAGAA,CRISPRi
GNG5_4,GNG5_GGAGGGAAGGCAGAGCTTGT,CRISPRi
GNG5_1,GNG5_GGAGTTTCTAAAAGGCCCGG,CRISPRi
GNG5_2,GNG5_GGAGGAAAACTGAGACCTCC,CRISPRi
GNG5_3,GNG5_CCCGGCGGCGGGTGACCAGG,CRISPRi
CNIH4_4,CNIH4_GGGCATCCGAGCGGGTTTGA,CRISPRi
CNIH4_1,CNIH4_GCGACGGAGGAGGAGGATGG,CRISPRi
CNIH4_2,CNIH4_GACGGAAGGAGCGGCGGCGA,CRISPRi
CNIH4_3,CNIH4_GCGGCGACGGAGGAGGAGGA,CRISPRi
CTBP1_1,CTBP1_GTCGTCGGAGCGCGGCTCAG,CRISPRi
CTBP1_2,CTBP1_GCGGCGGAGACTCGGCACGG,CRISPRi
CTBP1_3,CTBP1_GCGGAGACTCGGCACGGCGG,CRISPRi
CTBP1_4,CTBP1_TCAGCGGCGCGGCGGAGACT,CRISPRi
IFT25_1,IFT25_CGCGACCCCGGACTCCACGG,CRISPRi
IFT25_2,IFT25_GCGCGCGACCCCGGACTCCA,CRISPRi
IFT25_3,IFT25_GAGCAGGCGGAGCTGCGGGT,CRISPRi
IFT25_4,IFT25_GCGGCGAGCAGGCGGAGCTG,CRISPRi
OGFOD1_1,OGFOD1_AGGTAGCGTCTTGATCTGCG,CRISPRi
OGFOD1_2,OGFOD1_GATGAATGGGAAGCGGCCAG,CRISPRi
OGFOD1_3,OGFOD1_TGCCTTGGGAAGAGATGAAT,CRISPRi
OGFOD1_4,OGFOD1_GTGCCTTGGGAAGAGATGAA,CRISPRi
ETHE1_1,ETHE1_CTGTACTGAGGGTCGCCCGG,CRISPRi
ETHE1_2,ETHE1_CGATGGCGGAGGCTGTACTG,CRISPRi
ETHE1_3,ETHE1_GATGGCGGAGGCTGTACTGA,CRISPRi
ETHE1_4,ETHE1_CGGCAGCTGAGCCAGCGCGG,CRISPRi
UBE2E1_1,UBE2E1_CAGCGAGAGAGAGACACGAG,CRISPRi
UBE2E1_2,UBE2E1_AGCAACAGCAACTATTAAAC,CRISPRi
UBE2E1_4,UBE2E1_AGAGAGAGACACGAGTGGCC,CRISPRi
UBE2E1_3,UBE2E1_GGGGTGTCCCCGAGGCCCGG,CRISPRi
AKT2_1,AKT2_CGTTGGGCCTGCCTCGGAGG,CRISPRi
AKT2_2,AKT2_CGGCGGCGACGCCTCCTCCG,CRISPRi
AKT2_3,AKT2_CCCGGCAGCGGCAACGGCGC,CRISPRi
AKT2_4,AKT2_GGCGCCGGCAGCGGCAGCGG,CRISPRi
MOSMO_3,MOSMO_GATAAACTGACCATCATCTC,CRISPRi
MOSMO_4,MOSMO_GGCGATGGCGAAGATATCGG,either
MOSMO_2,MOSMO_GGCGGCGGTTCCGTCTGTGC,CRISPRi
MOSMO_1,MOSMO_GCGCCGCGGCTGCTGGTCCC,CRISPRi
SPAG7_1,SPAG7_AGCTCAGGATGGAGCCCAGT,CRISPRi
SPAG7_2,SPAG7_GTGGCTTCTCCATGGAGCTC,CRISPRi
SPAG7_3,SPAG7_CTTCTCCATGGAGCTCAGGA,CRISPRi
SPAG7_4,SPAG7_GCCGAGTCTCCTGGTCACCG,CRISPRi
SH3KBP1_2,SH3KBP1_GCAGCAGCAGGAGTCGCCCC,CRISPRi
SH3KBP1_3,SH3KBP1_CAGCAGCAGGAGTCGCCCCG,CRISPRi
SH3KBP1_1,SH3KBP1_CTCGCGGGGAGCAGGAAACC,CRISPRi
SH3KBP1_4,SH3KBP1_GAGTCGCCCCGGGGCAGCAG,CRISPRi
STK24_1,STK24_CGGCTCCAGCCCAGCAGTAG,CRISPRi
STK24_4,STK24_CTGGCCGCTGGAGCCGGAGT,CRISPRi
STK24_2,STK24_ACTGCTGGGCTGGAGCCGGG,CRISPRi
STK24_3,STK24_AGCAGTAGCGGCAGCAGCGG,CRISPRi
TMED4_1,TMED4_GAGGCGCGATGGCAGGTGTC,CRISPRi
TMED4_2,TMED4_TGAGGCGCGATGGCAGGTGT,CRISPRi
TMED4_3,TMED4_AGGCGCGATGGCAGGTGTCG,CRISPRi
TMED4_4,TMED4_TGTCGGGGCTGGGCCTCTGC,CRISPRi
NAMPT_2,NAMPT_TCTGCCGCAGGATTCATCTC,CRISPRi
NAMPT_3,NAMPT_CCGAGCAGTGACTTAAGCAA,CRISPRi
NAMPT_4,NAMPT_GGCGCGCGGCCCCTGTCCTC,CRISPRi
NAMPT_1,NAMPT_CCTTCCTCGCAGCCGCGCCA,CRISPRi
EPB41L2_1,EPB41L2_CCCTCTTCAGTCCCAGCCGC,CRISPRi
EPB41L2_2,EPB41L2_CCGGCGGCTGGGACTGAAGA,CRISPRi
EPB41L2_3,EPB41L2_GCCGGCGGCTGGGACTGAAG,CRISPRi
EPB41L2_4,EPB41L2_GAGGAGGCAGGCGCGGCTGC,CRISPRi
INTERGENIC_1,INTERGENIC_CONTROL_INTERGENIC_CONTROL_AGAGTTACGTCGCTTCGATC,negative_control
INTERGENIC_2,INTERGENIC_CONTROL__INTERGENIC_CONTROL_ACAATTACTCGGATACGCTC,negative_control
INTERGENIC_3,INTERGENIC_CONTROL__INTERGENIC_CONTROL_GCTGCAGACTAGCTATCGTA,negative_control
INTERGENIC_4,INTERGENIC_CONTROL__INTERGENIC_CONTROL_TCAGCTCCAAACGTACGTAC,negative_control
INTERGENIC_5,INTERGENIC_CONTROL_target_version_5.0_spacer_number_1_spacer_target__INTERGENIC_CONTROL_ACAGAGTCGCCGCATCGCAC,negative_control
INTERGENIC_6,INTERGENIC_CONTROL_target_version_6.0_spacer_number_1_spacer_target__INTERGENIC_CONTROL_GAAGCACTAGCCGTACGTAT,negative_control
INTERGENIC_7,INTERGENIC_CONTROL_target_version_7.0_spacer_number_1_spacer_target__INTERGENIC_CONTROL_TAAATACGGTCGTTAATCCC,negative_control
INTERGENIC_8,INTERGENIC_CONTROL_target_version_8.0_spacer_number_1_spacer_target__INTERGENIC_CONTROL_TGACACGGACGTATACGGAT,negative_control
INTERGENIC_9,INTERGENIC_CONTROL_target_version_9.0_spacer_number_1_spacer_target__INTERGENIC_CONTROL_TAAGGACAGGCGTATAACGA,negative_control
INTERGENIC_10,INTERGENIC_CONTROL_target_version_10.0_spacer_number_1_spacer_target__INTERGENIC_CONTROL_ACTGTGAGGTTACCTCGATA,negative_control