guide_name,sgRNA Sequence,chromosome,start_position
INTERGENIC_1,AGAGTTACGTCGCTTCGATC,12,130850441
INTERGENIC_2,ACAATTACTCGGATACGCTC,10,100681103
INTERGENIC_3,GCTGCAGACTAGCTATCGTA,3,182544466
INTERGENIC_4,TCAGCTCCAAACGTACGTAC,13,72463672
INTERGENIC_5,ACAGAGTCGCCGCATCGCAC,22,47230786
INTERGENIC_6,GAAGCACTAGCCGTACGTAT,13,58876454
INTERGENIC_7,TAAATACGGTCGTTAATCCC,19,57031011
INTERGENIC_8,TGACACGGACGTATACGGAT,17,56743834
INTERGENIC_9,TAAGGACAGGCGTATAACGA,12,100706830
INTERGENIC_10,ACTGTGAGGTTACCTCGATA,2,22913137